Train No.,From,To,Train Name
10001/10002,Balaghat,Jabalpur ,Satpura
10103/10104   ,Mumbai CST,Madgaon,Mandov
10111/10112   ,Mumbai CST,Madgaon,Konkan Kanya
10215/10216  ,Madgaon,Ernakulam,
11001/11002  ,Sai Nagar Shirdi,Pandharpur,
11003/11004   ,Dadar,Sawantwadi Road,Rajya Ran
11005/11006  ,Dadar,Puducherry,
11007/11008   ,Mumbai CST,Pune,Deccan
11009/11010   ,Mumbai CST,Pune,Sinhagad
11013/11014  ,Lokmanya Tilak (T),Coimbatore,
11015/11016   ,Lokmanya Tilak (T),Gorakhpur,Kushinagar
11017/11018  ,Lokmanya Tilak (T),Karaikka,
11019/11020   ,Mumbai CST,Bhubaneswar,Konark
11021/11022  ,Dadar,Tirunelveli,
11023/11024  ,Mumbai CST,Sri Chhatrapati Shahu Maharaj (T),Sahyadri
11025/11026  ,Bhusaval,Pune,
11027/11028   ,Mumbai CST,Chennai,Mail
11029/11030  ,Mumbai CST,Sri Chhatrapati Shahu Maharaj (T),Koyna
11031/11032  ,Mumbai CST,Hazur Saheb Nanded,
11033/11034  ,Pune,Darbhanga,
11035/11036   ,Dadar,Mysore,Sharavati
11037/11038  ,Pune,Gorakhpur,
11039/11040 ,Sri Chhatrapati  Shahu Maharaj (T),Gondia,Maharashtra
11041/11042  ,Mumbai CST,Chennai,
11043/11044  ,LokmanyaTilak (T),Madurai,
11045/11046   ,Sri Chhatrapati Shahu Maharaj (T),Dhanbad,Deekshabhoomi
11047/11048 ,Miraj ,Hubli,
11049/11050  ,Ahmedabad,Sri Chhatrapati Shahu Maharaj (T),
11051/11052  ,Solapur,Sri Chhatrapati Shahu Maharaj (T),
11055/11056   ,LokmanyaTilak (T),Gorakhpur,Godaan
11057/11058  ,LokmanyaTilak (T),Amritsar,
11059/11060   ,LokmanyaTilak (T),Chhapra,Godaan
11061/11062  ,LokmanyaTilak (T),Muzaffarpur,
11063/11064  ,Chennai Egmore,Salem,
11065/11066  ,LokmanyaTilak (T),Darbhanga,
11067/11068   ,LokmanyaTilak (T),Faizabad,Sake
11069/11070  ,LokmanyaTilak (T),Allahabad,
11071/11072   ,LokmanyaTilak (T),Varanasi,Kamayani
11077/11078   ,Pune,Jammu,Tawi Jhelum
11087/11088  ,Veraval,Pune,
11089/11090  ,Jodhpur,Pune,
11091/11092  ,Bhuj,Pune,
11093/11094   ,Mumbai CST,Varanasi,Mahanagari
11095/11096   ,Ahmedabad,Pune,Ahimsa
11097/11098   ,Pune,Ernakulam,Poorna
11103/11104  ,Jhansi,Bandra (T),
11105/11106   ,Kolkata,Jhansi,Pratham Swatantrata Sangram
11107/11108   ,Gwalior,Varanasi,Bundelkhand
11109/11110 ,Jhansi ,Lucknow ,Intercity
11123/11124  ,Barauni,Gwalior,Mail
11125/11126  ,Indore,Jhansi,
11201/11202  ,Lokmanya Tilak (T),Ajni (Nagpur),
11203/11204  ,Nagpur,Ajmer,
11205/11206  ,Lokmanya Tilak (T),Nizamabad,
11265/11266  ,Jabalpur,Ambikapur,
11271/11272  ,Itarsi,Bhopal ,Vindhyachal
11301/11302   ,Mumbai CST,Bangalore,Udyan
11303/11304  ,Hyderabad,Sri Chhatrapati Shahu Maharaj (T),
11305/11306  ,Mumbai CST,Solapur,
11401/11402  ,Mumbai CST,Nagpur ,Nandigram
11403/11404  ,Nagpur,Sri Chhatrapati Shahu Maharaj (T),
11405/11406  ,Pune,Amravati,
11423/11424 ,Solapur ,Hubli ,Intercity
11447/11448 ,Jabalpur ,Howrah ,Sakthipun
11449/11450 ,Jabalpur ,Jammu Tawi,
11451/11452   ,Jabalpur,Rewa,Intercity
11453/11454   ,Ahmedabad,Nagpur,Prema
11463/11464 ,Somnath ,Jabalpur(via Jhansi),
11465/11466 ,Somnath ,Jabalpur (via Bina),
11471/11472 ,Indore ,Jabalpur,
11651/11652 ,Jabalpur ,Singrauli ,Intercity
11701/11702 ,Jabalpur ,Indore ,Intercity
11703/11704 ,Rewa ,Indore,
12001/12002 ,Bhopal ,New Delhi ,Shatabdi
12003/12004 ,Lucknow ,New Delhi ,Swarna Shatabdi
12005/12006 ,New Delhi ,Kalka ,Shatabdi
12007/12008 ,Chennai ,Mysore ,Shatabdi
12009/12010 ,Mumbai Central ,Ahmedabad ,Shatabdi
12011/12012 ,New Delhi ,Kalka ,Shatabdi
12013/12014 ,New Delhi ,Amritsar ,Shatabdi
12015/12016 ,New Delhi  ,Ajmer,Shatabdi
12017/12018 ,New Delhi ,Dehradun ,Shatabdi
12019/12020 ,Howrah  ,Ranchi,Shatabdi
12021/12022 ,Howrah ,Barbil ,Jan Shatabdi
12023/12024 ,Howrah ,Patna ,Jan Shatabdi
12025/12026   ,Pune,Secunderabad,Shatabdi
12027/12028 ,Chennai  ,Bangalore,Shatabdi
12029/12030   ,New Delhi,Amritsar,Swarna Shatabdi
12031/12032   ,New Delhi,Amritsar,Shatabdi
12033/12034   ,Kanpur,New Delhi,Shatabdi
12035/12036   ,Jaipur,Agra Fort,Shatabdi
12037/12038   ,New Delhi,Ludhiana,Shatabdi
12039/12040   ,Anand Vihar (T),Kathgodam,Shatabdi
12041/12042   ,Howrah,New Jalpaiguri,Shatabdi
12043/12044   ,New Delhi,Moga,Shatabdi
12045/12046 New Delhi Chandigarh Shatabdi,,,
12051/12052   ,Dadar,Madgaon,Jan Shatabdi
12053/12054   ,Haridwar,Amritsar,Jan Shatabdi
12055/12056   ,New Delhi,Dehradun,Jan Shatabdi
12057/12058   ,New Delhi,Una,Jan Shatabdi
12059/12060   ,Kota,Nizamuddin,Jan Shatabdi
12061/12062   ,Habibganj,Jabalpur,Jan Shatabdi
12063/12064   ,Haridwar,Una,Link
12067/12068   ,Guwahati,Jorhat Town,Jan Shatabdi
12069/12070   ,Raigarh,Gondia,Jan Shatabdi
12071/12072   ,Dadar,Aurangabad,Jan Shatabdi
12073/12074   ,Howrah,Bhubaneswar,Jan Shatabdi
12075/12076   ,Kozhikode,Thiruvananthapuram,Jan Shatabdi
12077/12078   ,Chennai,Vijayawada,Jan Shatabdi
12079/12080   ,Bangalore,Hubli,Jan Shatabdi
12081/12082   ,Kannur,Thiruvanthapuram,Jan Shatabdi
12083/12084   ,Mayiladuturai,Coimbatore,Jan Shatabdi
12101/12102   ,Lokmanya Tilak (T),Howrah,Jnaneswari
12103/12104  ,Pune,Lucknow,
12105/12106   ,Mumbai CST,Gondia,Vidarbha
12107/12108  ,Lokmanya Tilak (T),Lucknow,
12109/12110   ,Mumbai CST,Manmad,Panchavati
12111/12112  ,Mumbai CST,Amravati,
12113/12114   ,Pune,Nagpur,Garib Rath
12115/12116   ,Mumbai CST,Solapur,Siddheshwar
12117/12118  ,Lokmanya Tilak (T),Manmad,
12119/12120  ,Amravati,Ajni (Nagpur) ,Intercity
12121/12122 ,Jabalpur  ,Nizamuddin,Madhya Pradesh Sampark Kranti
12123/12124   ,Mumbai CST,Pune,Deccan Queen
12125/12126   ,Mumbai CST,Pune,Pragati
12127/12128   ,Mumbai CST,Pune,Intercity
12129/12130    ,Pune,Howrah,Azad Hind
12131/12132  ,Dadar,Sai Nagar Shirdi,
12133/12134  ,Mumbai CST,Mangalore Jn,
12135/12136  ,Pune,Nagpur,
12137/12138   ,Mumbai CST,Firozpur Cantt.,Punjab Mail
12139/12140   ,Mumbai CST,Nagpur,Sewagram
12141/12142  ,Mumbai CST,Rajendranagar,
12143/12144  ,LokmanyaTilak (T),Sultanpur,
12145/12146  ,LokmanyaTilak (T),Puri,
12147/12148,Sri Chhatrapati Shahu Maharaj (T),Nizamuddin,
12149/12150  ,Pune,Patna,
12151/12152   ,LokmanyaTilak (T),Howrah,Samarsata
12153/12154  ,LokmanyaTilak (T),Habibganj,
12155/12156   ,Habibganj,Nizamuddin,Bhopal
12157/12158   ,Pune,Solapur,Hutatma
12159/12160  ,Amravati,Jabalpur,
12161/12162   ,LokmanyaTilak (T),Agra Cantt.,Lashkar
12163/12164  ,Dadar,Chennai Egmore,
12165/12166  ,LokmanyaTilak(T),Varanasi,
12167/12168,LokmanyaTilak(T),Varanasi,
12169/12170   ,Pune,Solapur,Intercity
12171/12172   ,LokmanyaTilak(T),Haridwar,AC
12173/12174   ,LokmanyaTilak(T),Pratapgarh,Udyognagari
12319/12320,Kolkata,Agra Cantt.,
12175/12176,Howrah,Gwalior ,Chambal 
12321/12322,Howrah,Mumbai CST ,Mail 
12177/12178,Howrah,Mathura,Chambal
12323/12324,Howrah,New Delhi,
12179/12180,Lucknow Jn.,Agra Cantt.,Intercity 
12325/12326,Kolkata,Nangaldam,
12181/12182,Jabalpur,Ajmer ,Dayodaya
12327/12328,Howrah,Dehradun,Upasana
12183/12184,Bhopal,Pratapgarh,
12329/12330,Sealdah,Delhi,West Bengal Sampark Kranti
12185/12186,Habibganj,Rewa (via Bina),Rewanchal
12331/12332,Howrah,Jammu Tawi ,Himgiri
12187/12188,Jabalpur,Mumbai CST,Garib Rath
12333/12334,Howrah,Allahabad City,Vibhuti
12189/12190,Jabalpur  ,Nizamuddin,Mahakoshal
12335/12336,Bhagalpur ,Lokmanya Tilak(T),
12191/12192,New Delhi ,Jabalpur,
12337/12338,Howrah,Bolpur ,Shantiniketan
12193/12194,Yesvantpur,Jabalpur ,
12339/12340,Howrah,Dhanbad,Coalfield
12195/12196,Agra Fort,Ajmer,Intercity 
12341/12342,Howrah,Asansol ,Agniveena
12197/12198,Bhopal,Gwalior,Intercity
12343/12344,Sealdah,New Jalpaiguri,Darjeeling Mail
12201/12202,Lokmanya Tilak (T),Kochuveli ,Garib Rath 
12345/12346,Howrah,Guwahati ,Saraighat 
12203/12204,Saharsa,Amritsar,Garib Rath 
12347/12348,Howrah,Rampurhat ,
12205/12206,New Delhi  ,Dehradun,AC
12349/12350,Bhagalpur,New Delhi,
12207/12208,Kathgodam,Jammu Tawi,Garib Rath
12351/12352,Howrah,Danapur,
12209/12210,Kanpur Central,Kathgodam,Garib Rath
12353/12354,Howrah,Lalkuan,
12211/12212,Muzaffarpur,Anand Vihar (T),Garib Rath
12355/12356,Rajendranagar,Jammu Tawi,Archana
12213/12214,Yesvantpur,Delhi Sarai Rohilla,AC Duronto
12357/12358,Kolkata,Amritsar,Durgiana
12215/12216,Delhi Sarai Rohilla,Bandra (T),Garib Rath 
12359/12360,Kolkata,Patna,Garib Rath
12217/12218,Kochuveli,Chandigarh,Kerala Sampark Kranti
12219/12220,Lokamanya Tilak (T),Secunderabad,AC Duronto
12361/12362,Asansol ,Mumbai CST,
12221/12222,Pune,Howrah ,AC Duronto
12363/12364,Kolkata,Haldibari,Intercity
12223/12224,Lokmanya Tilak (T),Ernakulam,AC Duronto
12365/12366,Patna,Ranchi ,Jan Shatabdi 
12225/12226,Azamgarh  1,Delhi,Kaifiyaat
12367/12368,Bhagalpur,Anand Vihar (T),Vikramshila
12227/12228,Mumbai Central  ,Indore,AC Duronto
12369/12370,Howrah,Haridwar,Kumbha
12229/12230,Lucknow,New Delhi,Lucknow Mail
12371/12372,Howrah,Jaisalmer,
12231/12232,Lucknow,Chandigarh,
12373/12374,Sealdah ,Rampurhat,Intercity
12233/12234,Lucknow ,New Delhi ,AC
12375/12376 ,Chennai,Asansol,
12235/12236,Dibrugarh,New Delhi,Rajdhani
12377/12378,Sealdah ,New Jalpaiguri,Padatik
12237/12238,Varanasi,Jammu Tawi,
12379/12380,Sealdah,Amritsar,Sealdah Jallianwala Bagh
12239/12240,Mumbai Central Jaipur AC Duronto,,
12381/12382,Howrah (via Gaya),New Delhi,Poorva
12241/12242,Chandigarh Amritsar,,
12383/12384,Sealdah,Asansol,Intercity
12243/12244,Chennai Central,Coimbatore ,AC Duronto
12385/12386,Howrah ,Dhanbad,AC Double Decker
12245/12246,Howrah,Yesvantpur,Duronto 
12387/12388,Rajendranagar,Anand Vihar (T),Jan Sadharan
12247/12248,Bandra (T),Nizamuddin,Yuva
12389/12390,Gaya,Chennai,Egmore 
12249/12250,Howrah,New Delhi,Yuva
12391/12392,Rajgir,New Delhi,Shramjeevi 
12251/12252,Yesvantpur,Korba,Wainganga 
12393/12394,Rajendranagar,New Delhi,Sampoorna Kranti
12253/12254,Yesvantpur,Bhagalpur,Anga
12395/12396,Rajendranagar,Ajmer,Ziyarat
12255/12256,Yesvantpur,Puducherry,Garib Rath
12397/12398,Gaya,New Delhi,Mahabodhi
12257/12258,Yesvantpur,Kochuveli ,Garib Rath
12401/12402,Islampur,New Delhi,Magadh 
12259/12260,Sealdah,New Delhi ,AC Duronto
12403/12404,Allahabad ,Jaipur ,
12261/12262,Mumbai CST,Howrah ,AC Duronto 
12405/12406,Bhusaval ,Nizamuddin ,Gondwana 
12263/12264,Pune,Nizamuddin,AC Duronto
12407/12408,New Jalpaiguri,Amritsar,Karmabhoomi 
12265/12266,Delhi Sarai Rohilla,Jammu Tawi,Duronto 
12409/12410,Raigarh,Nizamuddin,Gondwana
12411/12412,Chandigarh,Amritsar,Intercity
12557/12558,Muzaffarpur,Anand Vihar (T),Sapt Kranti 
12413/12414,Ajmer,Jammu Tawi,
12559/12560,Varanasi,New Delhi,Shiv Ganga
12415/12416,Indore,Nizamuddin,
12561/12562 ,Darbhanga,New Delhi,Swatantrata Sainani
12417/12418,Allahabad,New Delhi,Prayagraj
12565/12566,Darbhanga ,New Delhi,Bihar Sampark Kranti
12419/12420,Lucknow,New Delhi,Gomti
12567/12568,Saharsa,Patna,Rajya Rani
12421/12422,Amritsar,Hazur,SahibNanded
12569/12570,Jaynagar,Anand Vihar (T),Garib Rath
12423/12424,Dibrugarh Town,New Delhi,Dibrugarh Town Rajdhani
12577/12578,Darbhanga,Mysore,Bagmati
12425/12426,New Delhi,Jammu Tawi,Jammu Rajdhani
12589/12590,Gorakhpur,Secunderabad,
12427/12428,Rewa,Anand Vihar (T),
12591/12592,Gorakhpur,Yesvantpur,
12431/12432,"Thiruvananthapuram   3,26  35",Nizamuddin,Thiruvananthapuram Rajdhani
12593/12594 ,Lucknow Jn.,Bhopal ,
12601/12602,Chennai,Mangalore,Mail
12433/12434,Chennai,Nizamuddin,Chennai Rajdhani
12603/12604,Chennai,Hyderabad,
12435/12436,Dibrugarh Town,New Delhi,Dibrugarh Town Rajdhani
12437/12438,Secunderabad,Nizamuddin,Secunderabad Rajdhani
12607/12608,Chennai,Bangalore ,Lalbagh 
12439/12440,Ranchi,New Delhi,Ranchi Rajdhani
12609/12610,Chennai ,Bangalore,
12441/12442,Bilaspur,New Delhi,Bilaspur Rajdhani
12611/12612,Chennai,Nizamuddin ,Garib Rath
12443/12444,Anand Vihar (T),Haldia,
12613/12614,Mysore ,Bangalore ,Tippu
12445/12446,New Delhi   16   8,Udhampur,Uttar Sampark Kranti
12615/12616 ,Chennai,New Delhi,Grand Trunk 
12447/12448,"Manikpur  56     2,26",Nizamuddin,Uttar Pradesh Sampark Kranti
12617/12618,Ernakulam,Nizamuddin,Mangala Lakshadweep
12619/12620,Lokmanya Tilak (T),Mangalore,Matsyagandha 
12449/12450,Madgaon,Chandigarh,Goa Sampark Kranti
12621/12622,Chennai   8,New Delhi,Tamil Nadu
12451/12452,Kanpur Central New Delhi Shram Shakti 1,,
12623/12624,Chennai Thiruvananthapuram Mail 86,,
12453/12454,"Ranchi New Delhi Ranchi Rajdhani 1,41",,
12625/12626,"Thiruvananthapuram New Delhi Kerala 8,86",,
12455/12456,Delhi Sarai Rohilla Sri Ganganagar AC 39,,
12457/12458,Delhi Sarai Rohilla Bikaner 59,,
12629/12630,"Yesvantpur Nizamuddin Karnataka 9,19",,
12459/12460,New Delhi Amritsar Intercity 15,,
12461/12462,Delhi Jodhpur Mandore 23,,
12631/12632,Chennai Egmore Tirunelveli Nellai 21,,
12463/12464,Delhi Sarai Rohilla Jodhpur Rajasthan Sampark Kranti 23,,
12633/12634,Chennai Egmore Kanniyakumari 21,,
12465/12466,"Indore Jodhpur Ranthambhore 3,28",,
12635/12636,Chennai Egmore Madurai Vaigai 21,,
12467/12468,Bikaner Jaipur Intercity 28,,
12637/12638,Chennai Egmore Madurai Pandiyan 21,,
12469/12470,Kanpur Jammu Tawi 12,,
12639/12640,Chennai Bangalore Brindavan 20,,
12471/12472,"Bandra (T) Jammu Tawi Swaraj 3,4,16",,
12641/12642,"Kanniyakumari Nizamuddin Thirukkural 8,21",,
12473/12474,"Ahmedabad Jammu Tawi Sarvodaya 4,11,16",,
12643/12644,"Thiruvananthapuram Nizamuddin 8,86",,
12475/12476,"Hapa Jammu Tawi 4,11,16",,
12645/12646,"Ernakulam Nizamuddin Millennium 8,86",,
12477/12478,"Jamnagar Jammu Tawi Sindhu 4,11,16",,
12647/12648,"Coimbatore Nizamuddin Kongu 9,52,86",,
12479/12480,"Jodhpur Bandra (T) Suryanagari 11,23",,
12649/12650,"Yesvantpur Nizamuddin Karnataka 52,9",,
12481/12482,Delhi Sri Ganganagar Intercity 39,,
12483/12484,"Kochuveli Amritsar 3,26,15",,
12651/12652,"Madurai Nizamuddin Tamil Nadu 8,21",,
12485/12486,"Hazur Sahib Nanded Sri Ganganagar 9,39,53 Sampark Kranti",,
12487/12488,Jogbani Anand Vihar (T) Seemanchal 18 12655/12656 Ahmedabad Chennai Navjivan 46,,
12489/12490,"Bikaner Dadar (via Bhildi) 11,23 12657/12658 Chennai Bangalore Mail 20",,
12491/12492,"Muzaffarpur Jammu Tawi Mour Dhwaj 13 12659/12660 Nagercoil Shalimar Gurudev 28,29",,
12495/12496,"Bikaner Kolkata Pratap 28,65 12661/12662 Chennai Egmore Sengottai Pothigai 21",,
12497/12498,"New Delhi Amritsar Shan-e-Punjab 15 12663/12664 Howrah Tiruchchirappalli 21,29",,
12501/12502,"Guwahati New Delhi Poorvottar 18,74 12665/12666 Howrah Kanniyakumari 21,29",,
12667/12668,Chennai Egmore Nagercoil 21,,
12505/12506,"Guwahati Anand Vihar (T) North East 1,18",,
12669/12670,Chennai Chhapra Ganga Kaveri 17,,
12507/12508,"Thiruvananthapuram Guwahati 86,29",,
12671/12672,Chennai Mettupalayam Nilgiri 86,,
12509/12510,Bangalore Guwahati 29,,
12673/12674,Chennai Coimbatore Cheran 86,,
12511/12512,"Gorakhpur Thiruvananthapuram Raptisagar 8,17,35,86",,
12675/12676,Chennai Coimbatore Kovai 86,,
12513/12514,Secunderabad Guwahati 29,,
12677/12678,Bangalore Ernakulam Intercity 86,,
12515/12516,"Thiruvananthapuram Guwahati 86,29",,
12679/12680,Chennai Coimbatore Intercity 86,,
12517/12518,Kolkata Guwahati Garib Rath 14,,
12681/12682,Chennai Coimbatore 86,,
12519/12520,"Lokmanya Tilak (T) Kamakhya AC 18,24",,
12683/12684,Ernakulam Bangalore 86,,
12521/12522,"Barauni Ernakulam Raptisagar 8,17,35,37,86",,
12685/12686,Chennai Mangalore 86,,
12523/12524,New Jalpaiguri New Delhi 18,,
12687/12688,"Madurai Dehradun 8,27,75,86,69",,
12525/12526,"Kolkata Dibrugarh 14,66",,
12689/12690,"Chennai Nagercoil 69,86",,
12531/12532,Gorakhpur Lucknow Intercity 22,,
12691/12692,Chennai Sri Sathya Sai 20,,
12533/12534,Lucknow Mumbai CST Pushpak 35 Prashanti Nilayam,,
12535/12536,Lucknow Jn. Raipur Garib Rath 81 12693/12694 Chennai Egmore Tuticorin Pearl City 21,,
12537/12538,"Muzaffarpur Manduadih 63,64 12695/12696 Chennai Thiruvananthapuram 86",,
12539/12540,Yesvantpur Lucknow 17 12697/12698 Chennai Thiruvananthapuram 86,,
12541/12542,Gorakhpur Lokmanya Tilak (T) 35 12701/12702 Mumbai CST Hyderabad Hussain Sagar 10,,
12545/12546,"Raxaul Lokmanya Tilak (T) Karmabhoomi 90,24 12703/12704 Howrah Secunderabad Falaknuma 30",,
12547/12548,Agra Fort Ahmedabad 23 12705/12706 Guntur Secunderabad 71,,
12549/12550,"Durg Jammu Tawi 81,32,16 12707/12708 Tirupati Nizamuddin Andhra Pradesh 9,71",,
12551/12552,"Yesvantpur Kamakhya AC 29,20,87 Sampark Kranti",,
12553/12554,Barauni New Delhi Vaishali 22 12709/12710 Gudur Secunderabad Simhapuri 71,,
12555/12556,"Gorakhpur Hisar Gorakhdham 22,39 12711/12712 Vijayawada Chennai Pinakini 71",,
12713/12714,Vijayawada Secunderabad Satavahana 71 12869/12870 Mumbai CST Howrah 5,,
12715/12716,"Hazur Sahib Nanded Amritsar Sachkhand 4,15,53 12871/12872 Howrah Titlagarh Ispat 5",,
12717/12718,Visakhapatnam Vijayawada Ratnachal 7 12873/12874 Hatia (via Barkakana) Anand Vihar (T) Jharkhand 41,,
12719/12720,"Ajmer Hyderabad 9,53,54 Swarna Jayanti",,
12721/12722,"Hyderabad Nizamuddin Dakshin 9,42 12875/12876 Puri New Delhi Neelanchal 32",,
12723/12724,"Hyderabad New Delhi Andhra Pradesh 9 12877/12878 Ranchi New Delhi Garib Rath 1,41",,
12725/12726,Bangalore Dharwad Siddhaganga 19 12879/12880 Lokmanya Tilak (T) Bhubaneswar 5.78,,
12727/12728,Visakhapatnam Hyderabad Godavari 30 12881/12882 Howrah Puri Garib Rath 7,,
12729/12730,"Pune Hazur Sahib Nanded 44,53 12883/12884 SantraGachi Purulia Rupasi Bangla 87",,
12731/12732,Tirupati Secunderabad 31 12885/12886 Shalimar Bhojudih Aranyak 87,,
12733/12734,Tirupati Secunderabad Narayanadri 71 12887/12888 Howrah Puri 7,,
12735/12736,"Secunderabad Yesvantpur Garib Rath 9 12889/12890 Tatanagar Yesvantpur 20,40",,
12737/12738,Kakinada Port Secunderabad Gautami 30 12891/12892 Bangriposi Bhubaneswar 32,,
12739/12740,Visakhapatnam Secunderabad Garib Rath 30 12893/12894 Bhubaneswar Bolangir 78,,
12741/12742,"Vasco-da-Gama Patna 24,26 12895/12896 Howrah Puri 7",,
12747/12748,"Guntur Vikarabad Palnad 30 12897/12898 Puducherry Bhubaneswar 7,21",,
12751/12752,Manuguru Secunderabad 30 12901/12902 Mumbai Central Ahmedabad Gujarat Mail 11,,
12759/12760,"Chennai Hyderabad Charminar 71 12903/12904 Mumbai Central Amritsar Golden Temple Mail 3,4,15",,
12761/12762,Tirupati Karimnagar 71 12905/12906 Porbandar Howrah 34,,
12763/12764,Tirupati Secunderabad Padmavati 71 12907/12908 Bandra (T) Nizamuddin Maharashtra 3,,
12765/12766,"Tirupati Amravati 52,53 Sampark Kranti",,
12767/12768,"Hazur Sahib Nanded Santragachi 5,53 12909/12910 Bandra (T) Nizamuddin Garib Rath 3",,
12769/12770,"Tirupati Secunderabad Seven Hills 52 12911/12912 Valsad Haridwar 3, 75",,
12771/12772,Secunderabad Nagpur 9 12913/12914 Indore Nagpur Tri Shatabdi 8,,
12773/12774,Shalimar Secunderabad AC 30 12915/12916 Ahmedabad Delhi Ashram 23,,
12775/12776,Kakinada Secunderabad Cocanada AC 30 12917/12918 Ahmedabad Nizamuddin Gujarat Sampark 3,,
12777/12778,"Hubli Kochuveli 19, 86 Kranti",,
12779/12780,"Vasco-da-Gama Nizamuddin Goa 9,19 12919/12920 Indore Jammu Tawi Malwa 4,16",,
12781/12782,"Mysore Nizamuddin Swarna Jayanti 9,19 12921/12922 Mumbai Central Surat Flying Ranee 11",,
12785/12786,Kacheguda Bangalore 52 12923/12924 Indore Nagpur 8,,
12789/12790,"Rameswaram Kanniyakumari 21 12925/12926 Bandra (T) Amritsar Paschim 3,4,15",,
12791/12792,Secunderabad Patna 17 12927/12928 Mumbai Central Vadodara 11,,
12793/12794,Chennai Egmore Madurai 21 12929/12930 Valsad Dahod Intercity 3,,
12797/12798,Kacheguda Chittoor Venkatadri 71 12931/12932 Mumbai Central Ahmedabad AC Double Decker 11,,
12801/12802,Puri New Delhi Purushottam 32 12933/12934 Mumbai Central Ahmedabad Karnavati 11,,
12803/12804,Visakhapatnam Nizamuddin Swarna Jayanti 42 12935/12936 Bandra (T) Surat 11,,
12805/12806,"Visakhapatnam Secunderabad Janmabhoomi 7,71 12937/12938 Gandhidham Howrah Garbha 3,11,65",,
12807/12808,"Visakhapatnam Nizamuddin Samata 42 12939/12940 Pune Jaipur 3, 31",,
12809/12810,"Mumbai CST Howrah Mail 5 12941/12942 Bhavnagar Asansol Parasnath 3,33,65,76",,
12811/12812,"Lokmanya Tilak(T) Hatia 5 12943/12944 Valsad Kanpur Central Udhyog Karmik 24,35",,
12813/12814,"Howrah Tatanagar Steel 87 12945/12946 Surat Chhapra Tapti Ganga 6,37",,
12815/12816,"Puri New Delhi Nandankanan 32 12947/12948 Ahmedabad Patna Azimabad 1,3",,
12817/12818,"Hatia (via Bokaro) Anand Vihar (T) Jharkhand Swarna Jayanti 41 12949/12950 Porbandar Santragachi Kavi Guru 34,76,87",,
12819/12820,New Delhi Bhubaneswar Orissa Sampark Kranti 32 12951/12952 Mumbai Central New Delhi Mumbai Rajdhani 3,,
12821/12822,Howrah Puri Dhauli 7 12953/12954 Mumbai Central Nizamuddin August Kranti Rajdhani 3,,
12823/12824,"Durg Nizamuddin Chattisgarh 32,81 12955/12956 Mumbai Central Jaipur 3",,
12825/12826,Ranchi (via Bokaro) New Delhi Jharkhand 41 12959/12960 Dadar Bhuj 11,,
12827/12828,Howrah Purulia 87 12963/12964 Nizamuddin Udaipur City Mewar 3,,
12829/12830,"Chennai Bhubaneswar 7 12967/12968 Chennai Jaipur 3,8",,
12831/12832,"Dhanbad Bhubaneswar Garib Rath 40, 78 12969/12970 Coimbatore Jaipur 3,8,86",,
12833/12834,Ahmedabad Howrah 34 12971/12972 Bandra (T) Bhavnagar 11,,
12835/12836,"Hatia Yesvantpur 20,40 12973/12974 Indore Jaipur 3",,
12837/12838,"Howrah Puri 7 12975/12976 Mysore Jaipur 3,9,52",,
12839/12840,"Howrah Chennai Mail 7 12977/12978 Ernakulam Ajmer Marusagar 3,26",,
12841/12842,Howrah Chennai Coromandel 7 12979/12980 Bandra (T) Jaipur 3,,
12843/12844,"Puri Ahmedabad 34,46 12981/12982 Delhi Sarai Rohilla Udaipur City Chetak 23,54",,
12845/12846,"Bhubaneswar Yesvantpur 20,29 12983/12984 Ajmer Chandigarh Garib Rath 23,27,80",,
12847/12848,Howrah Digha AC Duronto 87 12985/12986 Jaipur Delhi Sarai Rohilla AC Double Decker 23,,
12849/12850,"Bilaspur Pune 5,44 12987/12988 Sealdah Ajmer 23,65",,
12851/12852,"Bilaspur Chennai 42,8 12989/12990 Dadar Ajmer 11,23",,
12853/12854,Durg Bhopal Amarkantak 43 12991/12992 Udaipur City Jaipur 54,,
12855/12856,"Bilaspur Nagpur Intercity 5 12993/12994 Gandhidham Puri 34,78",,
12857/12858,"Howrah Digha Tamralipta 87 12995/12996 Bandra (T) Udaipur City 3,54",,
12859/12860,Mumbai CST Howrah Gitanjali 5 12997/12998 Tirunelveli Hapa 26,,
12861/12862,Visakhapatnam Nizamuddin Dakshin Link 42 13005/13006 Howrah Amritsar Mail 12,,
12863/12864,"Howrah Yesvantpur 29 13007/13008 Howrah Sriganganagar Udyan Abha Toofan 1,39",,
12865/12866,Howrah Purulia Lalmati 87 13009/13010 Howrah Dehradun Doon 12,,
12867/12868,"Howrah Puducherry 7, 21 13011/13012 Howrah Malda Town Intercity 14",,
13013/13014,"Bardhaman Rampurhat 14 13417/13418 Digha Malda Town 14,87",,
13015/13016,Howrah Bolpur Kavi Guru 14 13419/13420 Bhagalpur Muzaffarpur Jan Sewa 50,,
13017/13018,Howrah Azimganj Ganadevta 14 13421/13422 Nabadwipdham Malda Town 14,,
13019/13020,"Howrah Kathgodam Bagh 22,37 13423/13424 Bhagalpur Ajmer 24,72",,
13021/13022,"Howrah Raxaul Mithila 37,64 13425/13426 Malda Town Surat 73,34",,
13023/13024,Howrah Gaya 1 13465/13466 Howrah Malda Town Intercity 14,,
13025/13026,"Howrah Bhopal 43,73 13483/13484 Malda Town Delhi Farakka 1,25",,
13027/13028,Howrah Azimganj Kavi Guru 14 13501/13502 Haldia Asansol Intercity 87,,
13039/13040,Howrah Delhi Janata 1 13505/13506 Digha Asansol 87,,
13043/13044,Howrah Raxaul 37 13507/13508 Asansol Gorakhpur 37,,
13049/13050,Howrah Amritsar 12 13509/13510 Asansol Gonda 37,,
13051/13052,Howrah Siuri Hool 92 13511/13512 Tatanagar Asansol 36,,
13053/13054,Howrah Siuri 92 14001/14002 Delhi Atari Link 15,,
13071/13072,Howrah Jamalpur 1 14003/14004 Malda Town New Delhi 18,,
13103/13104,"Sealdah Lal Gola Bhagirathi 14 14005/14006 Sitamarhi Anand Vihar (T) Lichchavi 22,63",,
13105/13106,"Sealdah Ballia 37 14007/14008 Raxaul Delhi Sadhbhavana 22,25",,
13111/13112,Kolkata Delhi Lal Quila 1 14009/14010 Chhindwara Delhi Sarai Rohilla Patalkot 2,,
13113/13114,Kolkata Lalgola Hazarduari 14 14011/14012 Delhi Hoshiarpur 16,,
13117/13118,Kolkata Lalgola 14 14013/14014 Sultanpur Delhi Sadhbhavana 25,,
13119/13120,"Sealdah Delhi 1,25 14015/14016 Raxaul Delhi Sadhbhavana 22,25,64",,
13133/13134,"Sealdah Varanasi 1 14017/14018 Raxaul Delhi Sadhbhavana 22,25",,
13135/13136,Kolkata Jaynagar 37 14033/14034 Delhi Udhampur Jammu Mail 16,,
13137/13138,Barrackpore Azamgarh 37 14035/14036 Delhi Pathankot Dhauladhar 16,,
13141/13142,Sealdah Haldibari/New Alipurduar Teesta Torsha 14 14037/14038 Delhi Pathankot (via Amritsar) 15,,
13145/13146,Kolkata Radhikapur 14 14041/14042 Delhi Sarai Rohilla Dehradun Mussoorie 75,,
13147/13148,Sealdah New Cooch Behar Uttar Banga 14 14043/14044 Kotdwara Delhi Garhwal 75,,
13149/13150,"Sealdah Alipurduar Jn. Kanchan Kanya 14,74 14055/14056 Dibrugarh Delhi Brahmaputra Mail 1,18,66",,
13151/13152,"Kolkata Jammu Tawi 12 14083/14084 Delhi AlipurduarJn. Sikkim Mahananda 1,18,74",,
13153/13154,Sealdah Malda Town Gour 14 14085/14086 Tilak Bridge Sirsa Haryana 39,,
13155/13156,Kolkata Sitamarhi Mithilanchal 37 14095/14096 Delhi Sarai Rohilla Kalka Himalayan Queen 27,,
13157/13158,Kolkata Muzaffarpur Tirhut 37 14109/14110 Kanpur Chitrakootdham Karvi 57,,
13159/13160,Kolkata Jogbani 14 14113/14114 Allahabad Dehradun Link 68,,
13161/13162,Kolkata Balurghat Tebhaga 14 14115/14116 Allahabad Haridwar 88,,
13163/13164,"Sealdah Saharsa Hatey Bazare 14 14119/14120 Kathgodam Dehradun 13,55",,
13165/13166,Kolkata Sitamarhi 37 14123/14124 Pratapgarh Kanpur 25,,
13167/13168,"Kolkata Agra Cantt 12,65 14125/14126 Allahabad Faizabad 25",,
13185/13186,Sealdah Jaynagar Ganga Sagar 37 14151/14152 Kanpur Anand Vihar (T) 25,,
13187/13188,Sealdah Rampurhat 14 14163/14164 Allahabad Meerut City Sangam 68,,
13201/13202,Rajendranagar Lokmanya Tilak (T) 24 14201/14202 Jaunpur Rae Bareli 25,,
13225/13226,Jaynagar Danapur 90 14203/14204 Varanasi Lucknow Intercity 25,,
13233/13234,Rajgir Danapur 67 14205/14206 Faizabad Delhi 25,,
13235/13236,Sahibganj Danapur Intercity 93 14207/14208 Pratapgarh Delhi Padmavat 25,,
13237/13238,"Patna Kota (via Faizabad) 3,79 14209/14210 Vindyachal Lucknow Intercity 25",,
13239/13240,"Patna Kota (via Sultanpur) 3,79 14211/14212 Agra Cantt. New Delhi Intercity 2",,
13241/13242,Banka Rajendra nagar 24 14213/14214 Varanasi Gonda Intercity 81,,
13243/13244,Patna Dehri-on-sone Intercity 48 14215/14216 Allahabad Lucknow Ganga Gomti 25,,
13245/13246,"New Jalpaiguri Danapur Capital 18 14217/14218 Allahabad Chandigarh Unchahar 1,27",,
13247/13248,"Kamakhya Danapur Capital 18,74 14219/14220 Varanasi Lucknow 12",,
13249/13250,Patna Bhabhua Road Intercity 24 14227/14228 Varanasi Lucknow Varuna 25,,
13251/13252,Islampur Rajendra nagar 89 14235/14236 Varanasi Bareilly 25,,
13253/13254,"Rajgir Howrah (via Tilaiya) 37, 67 14257/14258 Varanasi New Delhi Kashi Vishwanath 25",,
13255/13256,"Patliputra Chandigarh 88 14259/14260 Rameswaram Varanasi 17,21",,
13281/13282,"New Tinsukia Rajendra Nagar 66,18 14265/14266 Varanasi Dehradun 12",,
13287/13288,"Durg Danapur South Bihar 5,36 14307/14308 Prayag Bareilly 25",,
13301/13302,"Dhanbad Tatanagar Suvarna Rekha 87 14309/14310 Ujjain Dehradun Ujjaini 4,75",,
13303/13304,"Dhanbad Ranchi Intercity 36 14311/14312 Bareilly Bhuj (via Ahmedabad) Ala Hazrat 11,23,55",,
13305/13306,"Dhanbad Gaya Intercity 1 14313/14314 Lokmanya Tilak (T) Bareilly 2,55",,
13307/13308,Dhanbad Firozpur Cantt. Ganga Sutlej 12,,
14315/14316,Bareilly New Delhi Intercity 55,,
13317/13318,Howrah Dhanbad Black Diamond 37,,
14317/14318,"Indore Dehradun 4,75",,
13319/13320,Baidynathdham Ranchi 36,,
14321/14322,"Bareilly Bhuj (via Bhildi) Ala Hazrat 11,23,55",,
13329/13330,Dhanbad Patna Ganga Damodar 36,,
14323/14324,New Delhi Rohtak 16,,
13331/13332,Dhanbad Patna 36,,
14369/14370,Singrauli Bareilly Triveni 25,,
13345/13346,Varanasi Singrauli Intercity 25,,
14501/14502,Batinda Jammu Tawi 51,,
13347/13348,Barkakana Patna Palamau 48,,
14503/14504,"Kalka Katra 16,27",,
13351/13352,Dhanbad Alappuzha 40,,
14511/14512,Allahabad Saharanpur Nauchandi 88,,
13401/13402,Bhagalpur Danapur Intercity 93,,
14521/14522,Delhi Ambala Cantt. 15,,
13403/13404,Ranchi Bhagalpur Vananchal 36,,
14523/14524,"Muzaffarpur Ambala Cantt. Hariharnath 22,88",,
13409/13410,Malda Town Jamalpur Intercity 93 14525/14526 Ambala Cantt. Sriganganagar Intercity 45,,
13413/13414,"Malda Town Delhi Farakka 1,25",,
14545/14546,Saharanpur Farukh Nagar 84,,
13415/13416,Malda Town Patna 93,,
14553/14554,Delhi Amb Andaura Himachal 16 15117/15118 Chhapra Durg 81,,
14555/14556,Bareilly Delhi 55 15159/15160 Muzaffarpur Gondia Sarnath 81,,
14601/14602,Firozpur Sri Ganganagar 39 15201/15202 Hajipur Raxaul Intercity 64,,
14603/14604,Saharsa Amritsar Jan Sadharan 13 15203/15204 Barauni Lucknow 22,,
14605/14606,"Lalkuan Amritsar 12,55 15209/15210 Saharsa Amritsar Jan Sewa 13,22",,
14609/14610,"Rishikesh Jammu Tawi Hemkunt 12 15211/15212 Darbhanga Amritsar Jan Nayak 13,22,64",,
14625/14626,Delhi Sarai Rohilla Firozpur 39 15215/15216 Muzaffarpur Narkatiaganj 64,,
14629/14630,"Ludhiana Firozpur Sutlej 80 15227/15228 Yesvantpur Muzaffarpur 20,22,29",,
14631/14632,Dehradun Amritsar 12,,
15233/15234,Kolkata Darbhanga 37,,
14633/14634,Amritsar Pathankot Ravi 51,,
15235/15236,Darbhanga Howrah 37,,
14645/14646,Delhi Jammu Tawi Shalimar 16,,
15237/15238,"Darbhanga Ajmer 13,79,64",,
14649/14650,"Jaynagar Amritsar Saryu Yamuna 15,22,25",,
15267/15268,"Raxaul Lokmanya Tilak (T) Jan Sadharan 6,22,64",,
14659/14660,Delhi Jaisalmer 23,,
15269/15270,"Muzaffarpur Ahmedabad Jan Sadharan 22,23,33",,
14661/14662,Delhi Barmer 23,,
15271/15272,Howrah Muzaffarpur Jan Sadharan 37,,
14673/14674,"Jaynagar Amritsar Shaheed 15,22",,
15273/15274,"Raxaul Delhi Satyagraha 22,64",,
14681/14682,New Delhi Jalandhar 16,,
15275/15276,Saharsa Barauni 90,,
14701/14702,Jaisalmer Bikaner (via Phalodi) Kolayat 59,,
15279/15280,Saharsa Adarshnagar Poorabiya 22,,
14703/14704,Jaisalmer Lalgarh (via Phalodi) Kolayat 59,,
15281/15282,Saharsa Patna Kosi 90,,
14705/14706,Delhi Sarai Rohilla Sujangarh Salasar 59,,
15283/15284,Saharsa Jaynagar Janki 90,,
14707/14708,"Bikaner Bandra (T) Ranakpur 11,23",,
15307/15308,Bareilly Aishbagh Nainital 61,,
14709/14710,"Bikaner Puri 5,32,72,78",,
15309/15310,Kasganj Aishbagh Rohilkhand 61,,
14711/14712,Rishikesh Sri Ganganagar Intercity 45,,
15311/15312,Kasganj Bareilly City Kumaun 61,,
14723/14724,"Kanpur Central Bhiwani Kalindi 25,39",,
15313/15314,Aishbagh Bareilly 61,,
14731/14732,"Delhi Fazilka 16,45",,
15315/15316,Gonda Kasganj Gokul 61,,
14795/14796,Bhiwani Kalka Ekta 27,,
15319/15320,Paliakalan Aishbagh Sanctuary 61,,
14801/14802,"Jodhpur Gandhidham 11,23",,
15321/15322,Barhni Gonda (MG) Kapilavastu 38,,
14803/14804,Bhagat Ki Kothi Ahmedabad 23,,
15463/15464,Balurghat New Jalpaiguri 14,,
14805/14806,"Yesvantpur Barmer 19,23,31",,
15467/15468,New Jalpaiguri Alipurduar Jn. Intercity 74,,
14807/14808,Jaipur Alwar 80,,
15469/15470,"Alipurduar Jn. Lumding Intercity 14, 66",,
14809/14810,Jaisalmer Jodhpur 23,,
15471/15472,Alipurduar Jn. Guwahati Intercity 14,,
14811/14812,Delhi Sarai Rohilla Sikar 59,,
15603/15604,Kamakhya Ledo Intercity 66,,
14853/14854,Varanasi Jodhpur(via Faizabad) Marudhar 79,,
15605/15606,Kamakhya Mariani Intercity 66,,
14863/14864,Varanasi Jodhpur(via Sultanpur) Marudhar 79,,
15609/15610,"New Tinsukia Lalgarh Avadh Assam 18,22,39,66",,
14865/14866,Varanasi Jodhpur(via Rae Bareli) Marudhar 79,,
15611/15612,"Lokamanya Tilak (T) Kamakhya Karmabhoomi 5,14,74",,
14887/14888,Kalka Barmer Chandigarh 45,,
15615/15616,Kamakhya Tezpur Intercity 62,,
14889/14890,Bhagat ki Kothi (Jodhpur) Munabao Link 45,,
15619/15620,Gaya Kamakhya 93,,
15001/15002,"Muzaffarpur Dehradun 13,64",,
15621/15622,"Kamakhya Anand Vihar (T) 13,18,74",,
15003/15004,Kanpur Anwarganj Gorakhpur Chauri Chaura 63,,
15623/15624,"Bhagat Ki Kothi Kamakhya 18,59",,
15005/15006,Gorakhpur Dehradun 13,,
15629/15630,Chennai Egmore Guwahati 29,,
15007/15008,"Manduadih Lucknow Krishak 22,63",,
15631/15632,"Barmer Guwahati 18,28",,
15009/15010,Lucknow Jabalpur Chitrakoot 57,,
15635/15636,"Okha Guwahati Dwarka 3,11,18",,
15011/15012,Lucknow Chandigarh 88,,
15639/15640,Puri Guwahati 29,,
15013/15014,"Bhagat Ki Kothi Kathgodam Ranikhet 23,55",,
15643/15644,"Puri Kamakhya 14,29,74",,
15015/15016,"Gorakhpur Yesvantpur 9,35",,
15645/15646,"Lokmanya Tilak (T) Guwahati 18,24",,
15017/15018,"Lokmanya Tilak (T) Gorakhpur Kashi 6,63",,
15647/15648,"Lokmanya Tilak (T) Guwahati 18, 24",,
15019/15020,Gorakhpur Nautanua Intercity 38,,
15651/15652,Guwahati Jammu Tawi Lohit 13,,
15021/15022,"Shalimar Gorakhpur 32, 63",,
15653/15654,"Guwahati Jammu Tawi Amarnath 13,64",,
15023/15024,"Gorakhpur Yesvantpur 9,35,52",,
15657/15658,Sealdah Guwahati Kanchenjunga 14,,
15025/15026,Mau Anand Vihar (T) 25,,
15661/15662,"Ranchi Kamakhya 29,73,74",,
15027/15028,"Hatia Gorakhpur Maurya 36,37",,
15665/15666,Kamakhya Dimapur 66,,
15033/15034,"Haridwar Ram Nagar 13,55",,
15667/15668,"Gandhidham Kamakhya 3,11,18,33",,
15035/15036,Delhi Kathgodam Uttaranchal 55,,
15037/15038,Kanpur Kasganj 25 15691/15692 Lumding Silchar Cachar 83,,
15039/15040,Farrukhabad Kasganj 25 15693/15694 Lumding Silchar Barak Valley 83,,
15041/15042,Farrukhabad Kasganj 25 15695/15696 Lumding Agartala 83,,
15045/15046,"Gorakhpur Okha 11, 33 15707/15708 Katihar Amritsar 15,22",,
15047/15048,Kolkata Gorakhpur Purvanchal 37 15711/15712 Howrah Katihar 14,,
15049/15050,"Kolkata Gorakhpur 37, 63 15713/15714 Katihar Patna Intercity 90",,
15051/15052,"Kolkata Gorakhpur 37, 64 15715/15716 New Jalpaiguri Ajmer Garib Nawaz 18,23,25",,
15097/15098,Bhagalpur Jammu Tawi Amarnath 13 15717/15718 Guwahati Mariani Intercity 66,,
15101/15102,"Chhapra Mumbai CST Jan Sadharan 22,35 15719/15720 Katihar Siliguri Intercity 93",,
15103/15104,Gorakhpur Manduadih 63 15721/15722 Digha New Jalpaiguri Paharia 14,,
15105/15106,Chhapra Gorakhpur Intercity 22 15723/15724 New Jalpaiguri Sitamarhi 13,,
15725/15726,New Jalpaiguri New Cooch Behar Intercity 14,,
15107/15108,Chhapra Mathura 22,,
15765/15766,Siliguri Dhubri Intercity 74,,
15109/15110,Rajgir Varanasi Budhpurnima 67,,
15817/15818,Dhubri Silghat Town Rajya Rani 74,,
15111/15112,"Chhapra Manduadih Intercity 37,63",,
15901/15902,"Bangalore Dibrugarh 20,29,66,74",,
15113/15114,"Chhapra Lucknow Jn. 82 15903/15904 Dibrugarh Chandigarh 13,66",,
15115/15116,"Chhapra Delhi 22 15905/15906 Kanniyakumari Dibrugarh Vivek 66,74,29,86",,
15927/15928,Kamakhya Dibrugarh 66 16519/16520 Jolarpettai Bangalore 20,,
15929/15930,"Chennai Egmore Dibrugarh 29,66 16521/16522 Bangarapet Bangalore 20",,
15933/15934,"Dibrugarh Amritsar 13,66 16525/16526 Kanniyakumari Bangalore 86",,
15941/15942,"Jhajha Dibrugarh 1,14,29,66,74 16527/16528 Yesvantpur Kannur 86",,
15959/15960,"Howrah Dibrugarh Kamrup 14,66 16531/16532 Ajmer Bangalore Garib Nawaz 11,19,23,60",,
16001/16002,"Chennai Palani 86,70 16533/16534 Jodhpur Bangalore 23,11,19,60",,
16003/16004,"Chennai Nagarsol 71,53 16535/16536 Mysore Solapur Golgumbaz 19",,
16021/16022,Chennai Mysore Kaveri 20 16537/16538 Bangalore Nagercoil 69,,
16031/16032,"Chennai Jammu Tawi Andaman 8,16 16557/16558 Mysore Bangalore Rajya Rani 20",,
16041/16042,Chennai Alappuzha 86 16559/16560 Yesvantpur Mysore 20,,
16043/16044,Puducherry Mangalore Central 86 16561/16562 Yesvantpur Kochuveli AC 86,,
16053/16054,Chennai Tirupati 20 16565/16566 Yesvantpur Mangalore 86,,
16057/16058,Chennai Tirupati Sapthagiri 20 16569/16570 Yesvantpur Kacheguda 52,,
16085/16086,Arakkonam Jolarpettai 20 16589/16590 Bangalore Sri Chhatrapati Rani Chennamma 19,,
16089/16090,Chennai Jolarpettai Yelagiri 20 Shahu Maharaj (T),,
16093/16094,Chennai Lucknow Jn. 17 16591/16592 Hubli Mysore Hampi 60,,
16101/16102,Chennai Egmore Rameswaram 21 16593/16594 Hazur Sahib Nanded Bangalore 60,,
16105/16106,Chennai Egmore Tiruchendur 21 16603/16604 Mangalore Central Thiruvananthapuram Maveli 85,,
16115/16116,Chennai Egmore Puducherry 21 16605/16606 Mangalore Central Nagercoil Ernad 85,,
16125/16126,"Chennai Egmore Jodhpur 23,46 16609/16610 Nagercoil Coimbatore 69",,
16611/16612,Tuticorin Coimbatore Link 69,,
16127/16128,"Chennai Egmore Guruvayur 21,85",,
16613/16614,Rajkot Coimbatore 31,,
16129/16130,Chennai Egmore Tuticorin Link 21,,
16615/16616,Mannargudi Coimbatore Chemmozhi 69,,
16175/16176,Chennai Egmore Karaikal 21,,
16617/16618,"Rameswaram Coimbatore 21,69",,
16177/16178,Chennai Egmore Tiruchchirappalli Rockfort 21,,
16627/16628,Chennai Mangalore Central West Coast 86,,
16179/16180,Chennai Egmore Mannargudi Mannai 21,,
16629/16630,Thiruvananthapuram Mangalore Central Malabar 85,,
16181/16182,Chennai Egmore Karaikkudi Silambu 21,,
16649/16650,Mangalore Central Nagercoil Parasuram 85,,
16183/16184,Chennai Egmore Thanjavur 21 16669/16670 Chennai Erode Yercaud 86,,
16185/16186,"Chennai Egmore Velankanni Link 21 16687/16688 Mangalore Central Jammu Tawi Navyug 8,16,86",,
16187/16188,Karaikkal Ernakulam 86 16713/16714 Chennai Egmore Rameswaram 21,,
16201/16202,Bangalore Shimoga Town Intercity 19 16723/16724 Chennai Egmore Thiruvananthapuram Ananthapuri 21,,
16203/16204,Chennai Tirupati 20 16731/16732 Tuticorin Mysore 69,,
16205/16206,"Talguppa Mysore Intercity 19 16733/16734 Rameswaram Okha 11,31,53,70,71",,
16209/16210,"Ajmer Mysore 11,19,23,60 16779/16780 Tirupati Rameswaram 21",,
16215/16216,"Mysore Bangalore Chamundi 20 16787/16788 Tirunelveli Jammu Tawi Link 8,16,69,86",,
16217/16218,"Mysore Sai Nagar Shirdi 10,60,19 16853/16854 Chennai Egmore Tiruchchirappalli 21",,
16227/16228,"Bangalore Talguppa 19 16857/16858 Puducherry Mangalore 21,86",,
16231/16232,"Mayiladuturai Mysore 69 16859/16860 Chennai Egmore Mangalore 21,86",,
16233/16234,Mayiladuturai Tiruchchirappalli 69 16861/16862 Puducherry Kanniyakumari 21,,
16301/16302,Shoranur Thiruvananthapuram Venad 85 17001/17002 Sai Nagar Shirdi Secunderabad 53,,
16303/16304,"Ernakulam Thiruvananthapuram Vanchinad 85 17005/17006 Hyderabad Raxaul 9,36,37,42",,
16305/16306,"Ernakulam Kannur Intercity 85 17007/17008 Secunderabad Darbhanga 36,37,42,9",,
16307/16308,Alappuzha Kannur 85 17009/17010 Bidar Hyderabad/Secunderabad Intercity 53,,
16309/16310,"Ernakulam Patna 86,29",,
17011/17012,Hyderabad/Secunderabad Sirpur Kaghaznagar Intercity 9,,
16311/16312,"Bikaner Kochuveli 23,26",,
17013/17014,Pune Hyderabad 53,,
16313/16314,Ernakulam Kannur 85,,
17015/17016,Bhubaneswar Secunderabad Visakha 30,,
16315/16316,Bangalore Kochuveli 86,,
17017/17018,Rajkot Secunderabad 31,,
16317/16318,"Kanniyakumari Jammu Tawi Himsagar 8,16,86",,
17019/17020,"Hyderabad Ajmer 9,54,53",,
16321/16322,Bangalore Thiruvananthapuram 86,,
17031/17032,Mumbai CST Hyderabad 10,,
16323/16324,"Thiruvananthapuram Shalimar 86,29",,
16325/16326,"Indore Thiruvananthapuram Ahilyanagari 8, 86 17035/17036 Secunderabad Sirpur Kagaznagar Telengana 9",,
16327/16328,"Korba Thiruvananthapuram 42,8,86 17037/17038 Secunderabad Bikaner 23,46",,
16331/16332,Mumbai CST Thiruvananthapuram 70 17049/17050 Machilipatnam Secunderabad 30,,
16333/16334,Veraval Thiruvananthapuram 26 17057/17058 Mumbai CST Secunderabad Devgiri 53,,
16335/16336,Gandhidham Nagercoil 26 17063/17064 Manmad Secunderabad 53,,
16337/16338,Okha Ernakulam 26 17201/17202 Guntur Secunderabad Golconda 71,,
16339/16340,"Mumbai CST Nagercoil 70 17203/17204 Bhavnagar Kakinada Town 10,11,30",,
16341/16342,"Guruvayur Thiruvananthapuram Intercity 85 17205/17206 Sai Nagar Shirdi Kakinada Town 30,53",,
16343/16344,"Thiruvananthapuram Palakkad Town Amritha 86 17207/17208 Sai Nagar Shirdi Vijayawada 30,53",,
16345/16346,"Lokmanya Tilak (T) Thiruvananthapuram Netravati 26 17209/17210 Bangalore Kakinada Town Seshadri 7, 20",,
16347/16348,Thiruvananthapuram Mangalore Central 85 17211/17212 Machilipatnam Yesvantpur Kondaveedu 49,,
16349/16350,"Thiruvananthapuram Nilambur Road Rajya Rani 86 17213/17214 Narsapur Nagarsol 30,53",,
16351/16352,"Mumbai CST Nagercoil 21,70 17221/17222 Kakinada Lokmanya Tilak (T) 10,30",,
16359/16360,"Ernakulam Patna 17,86 17223/17224 Secunderabad Kurnool Town 52",,
16381/16382,"Mumbai CST Kanniyakumari 10,70 17225/17226 Vijayawada Hubli Amaravati 49",,
16501/16502,"Ahmedabad Yesvantpur 31 17229/17230 Kochuveli Hyderabad Sabari 71,86",,
16505/16506,"Gandhidham Bangalore 11,19 17231/17232 Narsapur Nagarsol 30,53",,
16507/16508,"Jodhpur Bangalore 11,19,23 17233/17234 Secunderabad Balharshah Bhagyanagar 9",,
16515/16516,"Yesvantpur Karwar 19,26 17235/17236 Bangalore Nagercoil 69",,
16517/16518,Yesvantpur Kannur 20 17239/17240 Guntur Visakhapatnam Simhadri 30,,
17255/17256,Narsapur Hyderabad 30 18303/18304 Sambalpur Puri 78,,
17301/17302,"Mysore Dharwad 19 18309/18310 Sambalpur Hazur Sahib Nanded Nagavalli 30,40,53",,
17303/17304,"Mysore Bangalore 20 18311/18312 Sambalpur Varanasi 78,41",,
17305/17306,"Londa/Hubli Nizamuddin Link 19 18401/18402 Puri Okha 34,46",,
17307/17308,Mysore Bagalkot Basava 10 18403/18404 Chakradharpur Barbil Intercity 32,,
17309/17310,"Yesvantpur Vasco-da-Gama 19 18405/18406 Puri Ahmedabad (via Sambalpur) 34,46,78",,
17311/17312,"Chennai Vasco-da-Gama 19,20 18407/18408 Puri Sai Nagar Shirdi 34,44,78",,
17313/17314,"Chennai Hubli 19,20 18409/18410 Howrah Puri Sri Jagannath 7",,
17315/17316,"Vasco-da-Gama Velankanni 19,69 18411/18412 Bhubaneswar Visakhapatnam Intercity 30",,
17317/17318,Hubli Lokmanya Tilak (T) 19 18413/18414 Paradeep Puri 32,,
17401/17402,Tirupati Machilipatnam/Narasapur 7 18415/18416 Barbil Puri 32,,
17405/17406,Tirupati Adilabad Krishna 71 18417/18418 Rourkela Bhubaneswar Rajya Rani 78,,
17407/17408,"Tirupati Mannargudi Pamani 21 18419/18420 Puri Jaynagar 32,37",,
17409/17410,"Adilabad Hazur Sahib Nanded 53 18421/18422 Puri Ajmer 34,23,78",,
17411/17412,"Mumbai CST Sri Chhatrapati Mahalaxmi 19 18425/18426 Puri Durg 78,34",,
17413/17414,Tirupati Puducherry 21 18447/18448 Bhubaneswar Jagdalpur Hirakhand 40,,
17415/17416,"Tirupati Sri Chhatrapati Haripriya 19,49 18449/18450 Puri Patna Baidyanathdham 32",,
17429/17430,"Hyderabad Tirupati Rayalaseema 71 18463/18464 Bhubaneswar Bangalore Prasanthi 7,49",,
17479/17480,"Puri Tirupati 7 18473/18474 Puri Jodhpur 78,5,42,3,28",,
17481/17482,"Bilaspur Tirupati 7,42 18477/18478 Puri Haridwar Utkal 32, 75",,
17487/17488,"Tirupati Visakhapatnam Thirumala 7 18495/18496 Rameswaram Bhubaneswar 21,7",,
17603/17604,"Kacheguda Yesvantpur 52 18501/18502 Visakhapatnam Gandhidham 8,34",,
17605/17606,"Kacheguda Mangalore 71,86 18507/18508 Visakhapatnam Amritsar Hirakud 78,32,15",,
17607/17608,"Secunderabad Kurnool Town Thungabhadra 52 18509/18510 Visakhapatnam Hazur Sahib Nanded 30,53",,
17609/17610,"Patna Purna 17,24,53 18511/18512 Koraput Visakhapatnam 40",,
17613/17614,"Pune Hazur Sahib Nanded 44 18513/18514 Kanpur Central Amritsar 12,82",,
17615/17616,"Kacheguda Madurai 52,70 18515/18516 Tatanagar Visakhapatnam 7,32",,
17617/17618,"Mumbai CST Hazur Sahib Nanded Tapovan 53 18519/18520 Visakhapatnam Lokmanya Tilak (T) 10,30",,
17639/17640,Kacheguda Akola 53 18517/18518 Korba Visakhapatnam 42,,
17643/17644,"Chennai Egmore Kakinada Port Circar 7 18567/18568 Visakhapatnam Kollam 29,86",,
17651/17652,"Chennai Egmore Kacheguda 71 18573/18574 Visakhapatnam Bhagat Ki Kothi(Jodhpur) 42,72,81,28",,
17687/17688,Manmad Dharmabad 53 18603/18604 Ranchi Bhagalpur (via Kiul) 36,,
18001/18002,"Howrah Digha Kandari 87 18605/18606 Ranchi Jaynagar 36, 37",,
18003/18004,"Jhargram Purulia 87 18609/18610 Ranchi Lokmanya Tilak (T) 6,41",,
18005/18006,"Howrah Jagdalpur 5,40 18611/18612 Ranchi Varanasi 41",,
18007/18008,Shalimar Baripada Intercity 87 18613/18614 Ranchi Chopan 41,,
18009/18010,"Santragachi Ajmer 34,41,72 18615/18616 Howrah Hatia 87",,
18029/18030,Lokmanya Tilak (T) Shalimar 5 18617/18618 Howrah Ranchi (via Tatanagar) Intercity 87,,
18047/18048,"Howrah Vasco-da-Gama Amravati 7,49 18619/18620 Ranchi Dumka Intercity 36",,
18101/18102,Tatanagar Jammu Tawi 41 18621/18622 Patna Hatia Pataliputra 36,,
18103/18104,"Tatanagar Amritsar Tatanagar 12,41 18623/18624 Rajendranagar Hatia 36",,
18105/18106,Rourkela Bhubaneswar Intercity 78 18627/18628 Howrah Ranchi (via Asansol) Intercity 73,,
18107/18108,"Rourkela Koraput 40 18631/18632 Ranchi Ajmer Garib Nawaz 23,41",,
18109/18110,"Rourkela Jammu Tawi Link 41 18637/18638 Hatia Yesvantpur 20,40",,
18181/18182,Tatanagar Chhapra 37 18645/18646 Howrah Hyderabad East Coast 30,,
18183/18184,Tatanagar Danapur 36 19005/19006 Mumbai Central Okha Saurashtra Mail 11,,
18189/18190,Tatanagar Alappuzha Link 40 19011/19012 Mumbai Central Ahmedabad Gujarat 11,,
18191/18192,Chhapra Farukkhabad 33 19017/19018 Bandra (T) Jamnagar Saurashtra Janata 11,,
18201/18202,"Durg Nautanwa 38,81 19019/19020 Bandra (T) Dehradun 3,75",,
18203/18204,"Durg Kanpur Central Betwa 81 19023/19024 Mumbai Central Firozpur Janata 3,4,39",,
18205/18206,"Durg Nautanwa 38,81 19025/19026 Surat Mahuva 11",,
18207/18208,"Durg Ajmer 72,81 19027/19028 Bandra (T) Jammu Tawi Vivek 11,46,59,80",,
18209/18210,"Dallirajhara Raipur 42 19029/19030 Bandra (T) Delhi Sarai Rohilla 11,23",,
18211/18212,"Durg Jagdalpur 40,42 19037/19038 Bandra (T) Gorakhpur Avadh 3,22",,
18213/18214,"Durg Jaipur 81,72 19039/19040 Bandra (T) Muzaffarpur Avadh 3,22,64",,
18215/18216,"Durg Jammu Tawi 4,32,81 19047/19048 Surat Bhagalpur 24",,
18233/18234,Indore Bilaspur Narmada 43 19049/19050 Bandra (T) Patna 24,,
18235/18236,"Bhopal Bilaspur 43 19051/19052 Valsad Muzaffarpur Shramik 22,24",,
18237/18238,"Bilaspur Amritsar Chattisgarh 42,15 19053/19054 Surat Muzaffarpur 3,33",,
18239,"Gevra Road Nagpur 42,5 19055/19056 Valsad Jodhpur 23,31",,
18240,Nagpur Bilaspur 5 19057/19058 Udhna Varanasi 6,,
18241/18242,Durg Ambikapur 81 19059/19060 Surat Hapa/Jamnagar 11,,
18243/18244,"Bilaspur Bhagat Ki Kothi (Jodhpur) 3,28,42 19061/19062 Bandra (T) Ramnagar 3,55,82",,
18245/18246,"Bilaspur Bikaner 3,28,42 19063/19064 Bandra (T) Jaisalmer 11,23",,
18301/18302,"Sambalpur Rayagada 40 19065/19066 Bandra (T) Jodhpur 11,23",,
19105/19106,"Ahmedabad Haridwar Mail 23,75 21125/21126 Indore Bhind 33",,
19107/19108,Ahmedabad Udhampur Janmabhoomi 45 22101/22102 Lokmanya Tilak (T) Manmad Rajya Rani 24,,
19109/19110,Valsad Ahmedabad Gujarat Queen 11 22103/22104 Lokmanya Tilak (T) Faizabad 6,,
19113/19114,Bhilad Vadodara 11 22105/22106 Mumbai CST Pune Indrayani 19,,
19115/19116,Bandra (T) Bhuj Sayaji Nagari 11 22109/22110 Lokmanya Tilak (T) Nizamuddin 2,,
19119/19120,"Ahmedabad Somnath Intercity 11,76 22111/22112 Bhusaval Nagpur 2,8",,
19129/19130,Vadodara Ahmedabad 11 22113/22114 Lokmanya Tilak(T) Kochuveli 26,,
19131/19132,"Bandra (T) Bhuj Kutch 11 22131/22132 Pune Manduadih 6,44",,
19143/19144,Bandra (T) Ahmedabad Lokshakti 11 22133/22134 Solapur Yesvantpur 10,,
19151/19152,Palanpur Gandhidham 11 22145/22146 Pandarpur Miraj 44,,
19165/19166,"Ahmedabad Darbhanga Sabarmati 22,33",,
22149/22150,"Ernakulam Pune 26,91",,
19167/19168,Ahmedabad Varanasi Sabarmati 33,,
22161/22162,Bhopal Damoh Rajya Rani 43,,
19201/19202,"Secunderabad Porbandar 11,31",,
22181/22182,Jabalpur Nizamuddin Gondwana 56,,
19215/19216,Mumbai Central Porbandar Saurashtra 11,,
22183/22184,Habibganj Indore AC Double Decker 43,,
19221/19222,"Ahmedabad Veraval Somnath 11,76",,
22185/22186,Bhopal Indore AC Double Decker 43,,
19223/19224,"Ahmedabad Jammu Tawi 23,45",,
22187/22188,Habibganj Jabalpur Intercity 43,,
19225/19226,Bhatinda Jammu Tawi 51,,
22201/22202,Sealdah Puri Duronto 7,,
19251/19252,Somnath Okha 76,,
22203/22204,Visakhapatnam Secunderabad AC Duronto 30,,
19259/19260,"Kochuveli Bhavnagar 26,76",,
22205/22206,Chennai Madurai AC Duronto 21,,
19261/19262,"Kochuveli Porbandar 26,11",,
19263/19264,"Porbandar Delhi Sarai Rohilla 11,23 22207/22208 Chennai Thiruvananthapuram AC Duronto 86",,
19269/19270,"Porbandar Muzaffarpur 11,23,64 22209/22210 Mumbai Centrtal New Delhi AC Duronto 3",,
19301/19302,"Indore Yesvantpur 8,52,53 22211/22212 Ajmer Nizamuddin Duronto 23",,
19305/19306,Howrah Indore 65 22213/22214 Shalimar Patna Duronto 12,,
19307/19308,"Indore Chandigarh 4,15 22307/22308 Howrah Bikaner Link 23,65",,
19309/19310,Gandhinagar Indore Shanti 33 22309/22310 Howrah New Jalpaiguri AC 29,,
19311/19312,"Pune Indore 3,31 22351/22352 Pataliputra Yesvantpur 17,20",,
19313/19314,Indore Rajendranagar 35 22401/22402 Delhi Sarai Rohilla Udhampur AC 16,,
19321/19322,Indore Rajendranagar 35 22403/22404 Puducherry New Delhi 8,,
19323/19324,Indore Habibganj Intercity 43 22405/22406 Bhagalpur Anand Vihar (T) Garib Rath 1,,
19325/19326,Indore Amritsar 4 22407/22408 Varanasi Anand Vihar (T) Garib Rath 25,,
19327/19328,Ratlam Udaipur City 54 22409/22410 Sasaram Anand Vihar (T) Garib Rath 1,,
19329/19330,"Indore Udaipur City 3, 54 22441/22442 Allahabad Kanpur Central Intercity 1",,
19403/19404,"Ahmedabad Sultanpur 23,25 22447/22448 Khajuraho Nizamuddin Link 56",,
19405/19406,"Yesvantpur Ahmedabad AC 31,19 22451/22452 Bandra (T) Chandigarh 11,23,27",,
19407/19408,"Ahmedabad Varanasi 23,25 22453/22454 Lucknow Meerut City Rajya Rani 88",,
19409/19410,"Ahmedabad Gorakhpur 23,79,82 22455/22456 Sai Nagar Shirdi Kalka 2,27",,
19411/19412,"Ahmedabad Ajmer Intercity 23 22457/22458 Hazur Saheb Nanded Nangal Dam 2,27,53",,
19451/19452,Gandhidham Bandra (T) 11 22461/22462 New Delhi Katra AC 16,,
19565/19566,"Okha Dehradun Uttaranchal 11,23,75 22463/22464 Delhi Sarai Rohilla Bikaner Link 23",,
19567/19568,"Tuticorin Okha Vivek 31,70 22471/22472 Bikaner Delhi Sarai Rohilla Intercity 59",,
19569/19570,"Okha Varanasi 3,33,34,65 22473/22474 Bikaner Bandra (T) 11,23",,
19571/19572,"Rajkot Porbandar 11 22475/22476 Bikaner Coimbatore AC 23,26",,
19573/19574,Okha Jaipur 23 22477/22478 Jodhpur Jaipur 28,,
19575/19576,"Okha Nathdwara 11,54 22481/22482 Jodhpur Delhi Sarai Rohilla 59",,
19577/19578,Hapa Tirunelveli 26 22487/22488 Radhikapur Anand Vihar (T) Link 18,,
19601/19602,"Udaipur City New Jalpaiguri 54,18,23 22601/22602 Chennai Sai Nagar Shirdi 10,20",,
19605/19606,"Kolkata Ahmedabad 23,43,54,73 22603/22604 Kharagpur Villupuram 7",,
19607/19608,"Kolkata Udaipur City 54,73,77 22605/22606 Purulia Villupuram 7,87",,
19609/19610,"Ajmer Haridwar 23,84 22607/22608 Ernakulam Bangalore 86",,
19653/19654,Ratlam Ajmer 54 22609/22610 Mangalore Central Coimbatore Intercity 86,,
19659/19660,"Shalimar Udaipur City 32,72 22611/22612 Chennai New Jalpaiguri 29",,
19665/19666,"Udaipur City Khajuraho 79,23,54,56 22613/22614 Chennai Haldia 7",,
19707/19708,"Bandra (T) Jaipur Aravali 11, 23 22615/22616 Tirupati Coimbatore Intercity 70",,
19709/19710,"Kamakhya Jaipur Kavi Guru 13,79 22617/22618 Bangalore Tirupati Intercity 20",,
19711/19712,"Bhopal Jaipur 43,54 22619/22620 Bilaspur Tirunelveli 8,42,86",,
19713/19714,"Jaipur Secunderabad 3,8,53 22625/22626 Chennai Bangalore AC Double Decker 20",,
19715/19716,Jaipur Lucknow 79 22627/22628 Tiruchchirappalli Tirunelveli Intercity 21,,
19735/19736,"Jaipur Loharu Intercity 77 22629/22630 Dadar Tirunelveli 69,26",,
19771/19772,"Ajmer Amritsar (via Bathinda) 80 22631/22632 Chennai Bikaner AC 3,8,28",,
19781/19782,"Ajmer Amritsar (via Hissar) 80 22633/22634 Thirunanthapuram Nizamuddin 26,3",,
19801/19802,Kota Indore Intercity 72 22635/22636 Madgaon Mangalore Intercity 26,,
19803/19804,"Kota Jammu Tawi 3,16 22681/22682 Mysore Chennai 20",,
19943/19944,"Udaipur City Ahmedabad 77 22683/22684 Yesvantpur Lucknow 17,25,52",,
21067/21068,"Lokmanya Tilak (T) Rae Bareli Link 6 22685/22686 Yesvantpur Chandigarh Karnataka 9,19,27",,
21107/21108,Khajuraho Varanasi Link 47 Sampark Kranti,,
22687/22688,"Madurai Chandigarh Link 8,27",,
22691/22692,"Bangalore Nizamuddin Rajdhani 9 22915/22916 Bandra (T) Hisar 11,23,59",,
22693/22694,"Bangalore Nizamuddin Rajdhani 9 22917/22918 Bandra (T) Haridwar 3,75",,
22801/22802,"Visakhapatnam Sai Nagar Shirdi 30,53 22919/22920 Rajkot Delhi Sarai Rohilla 11,23",,
22803/22804,"Howrah Sambalpur 7,78 22925/22926 Bandra (T) Kalka Paschim Link 27",,
22805/22806,"Bhubaneswar New Delhi Via Sambalpur 78,41",,
22981/22982,Kota Sri Ganga Nagar 28,,
22807/22808,Santragachi Chennai AC 7,,
22995/22996,"Bandra (T) Ajmer 3,54",,
22811/22812,"Bhubaneswar New Delhi Rajdhani 1,32",,
23225/23226,Saharsa Danapur Link 90,,
22815/22816,"Bilaspur Ernakulam 8,42",,
23345/23346,Varanasi Shaktinagar Link 25,,
22817/22818,"Howrah Mysore 7,20",,
23347/23348,Patna Singrauli Link 48,,
22823/22824,"Bhubaneswar New Delhi Rajdhani 1,32",,
24041/24042,Delhi Sarai Rohilla Kotdwara Mussoorie Link 75,,
22825/22826,Shalimar Chennai 7,,
22827/22828,"Puri Surat 34,78 24227/24228 Varanasi Kanpur 25",,
22829/22830,"Shalimar Bhuj 4,32,11 24369/24370 Shakthinagar Bareilly Triveni 25",,
22831/22832,"Howrah Sri Sathya Sai 7,49 24887/24888 Haridwar Barmer Link 45",,
22835/22836,Shalimar Puri 7 25035/25036 Delhi Ramnagar Link Exp 55,,
22843/22844,"Bilaspur Patna 5,36 25201/25202 Hajipur Narkatiaganj Intercity Link 64",,
22845/22846,"Pune Hatia 5,44 25609/25610 Guwahati Darbhanga Link 90",,
25631/25632,"Bikaner Guwahati 18,28",,
22847/22848,"Visakhapatnam Lokmanya Tilak (T) 42,5",,
25715/25716,Radhikapur Delhi Link 18,,
22849/22850,Shalimar Secunderabad 30,,
28181/28182,Tatanagar Katihar Link 37,,
22851/22852,"Santragachi Mangalore Vivek 7,86",,
29005/29006,Veraval Okha Link 11,,
22853/22854,Shalimar Visakhapatnam 7,,
29019/29020,"Meerut Mandsor Link 3,54,75",,
22855/22856,Santragachi Tirupati 7,,
52541/52540,New Jalpaiguri Darjeeling 95,,
22859/22860,Puri Chennai 7,,
52545/52544,Kurseong Darjeeling 95,,
22861/22862,Shalimar Bankura Rajya Rani 87,,
52546,Ghum Darjeeling 95,,
22865/22866,"Lokmanya Tilak (T) Puri 5,78",,
52457/52458,Kalka Shimla 94,,
22869/22870,Visakhapatnam Chennai 7 52451/52452 Kalka Shimla Shivalik 94,,
22871/22872,Bhubaneswar Tirupati 7 52453/52454 Kalka Shimla Mail 94,,
22873/22874,Digha Visakhapatnam 7 52455/52456 Kalka Shimla 94,,
22875/22876,Kharagpur Purulia Intercity 87 52461/52462 Pathankot Jn. Jwalamukhi Road 96,,
22877/22878,Digha Puri 7 52463/52464 Pathankot Jn. Baijnath Paprola 96,,
22879/22880,Bhubaneswar Tirupati 7 52465/52466 Pathankot Jn. Baijnath Paprola 96,,
22881/22882,"Pune Bhubaneswar 10,30 52467/52468 Pathankot Jn. Baijnath Paprola 96",,
22883/22884,"Puri Yesvantpur Garib Rath 7,49 52469/52470 Pathankot Jn. Baijnath Paprola 96",,
22889/22890,Digha Puri 7 52471/52472 Pathankot Jn. Joginder Nagar 96,,
22893/22894,Sai Nagar Shirdi Howrah 5 52473/52474 Pathankot Jn. Joginder Nagar 96,,
22901/22902,"Bandra (T) Udaipur City 3,54 56137/56136 Udagamandalam Mettupalayam 97",,
22903/22904,Bandra (T) Bhuj AC 11 56140/56138 Coonoor Udagamandalam 97,,
22905/22906,Okha Howrah Link 34 56139/56141 Coonoor Udagamandalam 97,,
22907/22908,Madgaon Hapa 26 56142/56143 Coonoor Udagamandalam 97,,
22909/22910,"Valsad Puri 3,32,33,43,78 84369/84370 Barwadih Bareilly 25,73",,
